﻿Designator,Quantity,Value,Footprint,Package,MPN,DNP,Mount_Type,Description
"C1, C2",2,0.1uF,C_0805_2012Metric,,,,smt,"Unpolarized capacitor, small symbol"
"R1, R2, R3, R4, R5, R6, R7",7,10k,R_0805_2012Metric,,,,smt,"Resistor, small symbol"
"R8, R9",2,1k,R_0805_2012Metric,,,,smt,"Resistor, small symbol"
"U1, U2",2,ULN2803A,SOIC-18W_7.5x11.6mm_P1.27mm,,,,smt,"Darlington Transistor Arrays, SOIC18/DIP18"
U3,1,PCA9685PW,TSSOP-28_4.4x9.7mm_P0.65mm,,,,smt,16-channel 12-bit PWM Fm+ I2C-bus LED controller RGBA TSSOP
