﻿pos_x,pos_y,rotation,side,designator,mpn,pack,footprint,value,mount_type
82.96,-132.95,-90.0,top,C1,,,C_0805_2012Metric,0.1uF,smt
104.5,-136.95,-90.0,top,C2,,,C_0805_2012Metric,0.1uF,smt
124.0,-127.84,0.0,top,J1,,,PinHeader_1x05_P2.54mm_Vertical,Conn_01x05_Pin,tht
100.5,-145.0,-90.0,top,J2,,,PinHeader_1x10_P2.00mm_Vertical,JST_XH_FEMALE,tht
123.5,-145.0,-90.0,top,J3,,,PinHeader_1x10_P2.00mm_Vertical,JST_XH_FEMALE_1,tht
118.5,-117.0,-90.0,top,R1,,,R_0805_2012Metric,10k,smt
115.5,-117.0,-90.0,top,R2,,,R_0805_2012Metric,10k,smt
112.5,-117.0,-90.0,top,R3,,,R_0805_2012Metric,10k,smt
109.5,-117.0,-90.0,top,R4,,,R_0805_2012Metric,10k,smt
121.5,-117.0,-90.0,top,R5,,,R_0805_2012Metric,10k,smt
124.5,-117.0,-90.0,top,R6,,,R_0805_2012Metric,10k,smt
114.498315,-124.830109,0.0,top,R7,,,R_0805_2012Metric,10k,smt
114.5,-121.0,-90.0,top,R8,,,R_0805_2012Metric,1k,smt
111.5,-121.0,-90.0,top,R9,,,R_0805_2012Metric,1k,smt
90.42,-136.65,-90.0,top,U1,,,SOIC-18W_7.5x11.6mm_P1.27mm,ULN2803A,smt
111.92,-136.65,-90.0,top,U2,,,SOIC-18W_7.5x11.6mm_P1.27mm,ULN2803A,smt
101.6375,-125.775,0.0,top,U3,,,TSSOP-28_4.4x9.7mm_P0.65mm,PCA9685PW,smt
